lang,model,font_idx,char_idx,l1,iou
chn,baseline,0000,0,0.07129,0.00000
chn,baseline,0000,1,0.05029,0.10823
chn,baseline,0000,2,0.09058,0.20043
chn,baseline,0000,3,0.09375,0.10698
chn,baseline,0000,4,0.04810,0.30634
chn,baseline,0000,5,0.08521,0.14039
chn,baseline,0000,6,0.06226,0.39573
chn,baseline,0000,7,0.05444,0.38056
chn,baseline,0000,8,0.06201,0.17532
chn,baseline,0000,9,0.10840,0.19856
chn,baseline,0000,10,0.07275,0.15581
chn,baseline,0000,11,0.05957,0.17007
chn,baseline,0000,12,0.09399,0.09836
chn,baseline,0000,13,0.16577,0.15965
chn,baseline,0000,14,0.07617,0.16800
chn,baseline,0000,15,0.07544,0.22556
chn,baseline,0000,16,0.07739,0.04230
chn,baseline,0000,17,0.07202,0.22164
chn,baseline,0000,18,0.10132,0.17822
chn,baseline,0000,19,0.14966,0.12926
chn,baseline,0000,20,0.11914,0.12388
chn,baseline,0000,21,0.07935,0.00000
chn,baseline,0000,22,0.08398,0.19438
chn,baseline,0000,23,0.10156,0.35504
chn,baseline,0000,24,0.15625,0.33884
chn,baseline,0000,25,0.09229,0.10214
chn,baseline,0000,26,0.09204,0.11710
chn,baseline,0000,27,0.08203,0.30579
chn,baseline,0000,28,0.15723,0.13904
chn,baseline,0000,29,0.16333,0.12435
chn,baseline,0000,30,0.11816,0.09363
chn,baseline,0000,31,0.18091,0.24233
chn,baseline,0000,32,0.10181,0.23346
chn,baseline,0000,33,0.09302,0.16993
chn,baseline,0000,34,0.11108,0.22089
chn,baseline,0000,35,0.11035,0.07943
chn,baseline,0000,36,0.08887,0.11220
chn,baseline,0000,37,0.05249,0.00000
chn,baseline,0000,38,0.06543,0.06620
chn,baseline,0000,39,0.08130,0.09756
chn,baseline,0000,40,0.11792,0.00000
chn,baseline,0000,41,0.09644,0.28182
chn,baseline,0000,42,0.09546,0.05097
chn,baseline,0000,43,0.11597,0.08124
chn,baseline,0000,44,0.06372,0.14706
chn,baseline,0000,45,0.12549,0.22939
chn,baseline,0000,46,0.06079,0.25449
chn,baseline,0000,47,0.09937,0.09956
chn,baseline,0000,48,0.05420,0.13953
chn,baseline,0000,49,0.07446,0.08955
chn,baseline,0000,50,0.11914,0.17845
chn,baseline,0000,51,0.09326,0.27652
chn,baseline,0001,0,0.08765,0.43906
chn,baseline,0001,1,0.03003,0.62952
chn,baseline,0001,2,0.12524,0.46729
chn,baseline,0001,3,0.09619,0.44663
chn,baseline,0001,4,0.14233,0.25448
chn,baseline,0001,5,0.08984,0.54057
chn,baseline,0001,6,0.10742,0.52941
chn,baseline,0001,7,0.11597,0.43787
chn,baseline,0001,8,0.16162,0.20048
chn,baseline,0001,9,0.13062,0.46231
chn,baseline,0001,10,0.09082,0.45214
chn,baseline,0001,11,0.11743,0.43211
chn,baseline,0001,12,0.10034,0.47104
chn,baseline,0001,13,0.10400,0.58560
chn,baseline,0001,14,0.12036,0.48051
chn,baseline,0001,15,0.14453,0.10843
chn,baseline,0001,16,0.10132,0.38060
chn,baseline,0001,17,0.12256,0.43722
chn,baseline,0001,18,0.13306,0.42021
chn,baseline,0001,19,0.12207,0.46695
chn,baseline,0001,20,0.16357,0.33729
chn,baseline,0001,21,0.17798,0.03059
chn,baseline,0001,22,0.18335,0.32281
chn,baseline,0001,23,0.15869,0.31651
chn,baseline,0001,24,0.11792,0.55112
chn,baseline,0001,25,0.11523,0.47439
chn,baseline,0001,26,0.07690,0.61818
chn,baseline,0001,27,0.20239,0.25181
chn,baseline,0001,28,0.12378,0.54570
chn,baseline,0001,29,0.12085,0.41001
chn,baseline,0001,30,0.10181,0.56608
chn,baseline,0001,31,0.11597,0.49947
chn,baseline,0001,32,0.11572,0.48590
chn,baseline,0001,33,0.18652,0.27856
chn,baseline,0001,34,0.09375,0.58124
chn,baseline,0001,35,0.09766,0.55407
chn,baseline,0001,36,0.08179,0.49700
chn,baseline,0001,37,0.08569,0.32887
chn,baseline,0001,38,0.17554,0.12424
chn,baseline,0001,39,0.11426,0.48058
chn,baseline,0001,40,0.08838,0.54119
chn,baseline,0001,41,0.14380,0.38646
chn,baseline,0001,42,0.17041,0.43664
chn,baseline,0001,43,0.09448,0.53373
chn,baseline,0001,44,0.07642,0.54964
chn,baseline,0001,45,0.12451,0.41781
chn,baseline,0001,46,0.13892,0.39916
chn,baseline,0001,47,0.08765,0.44513
chn,baseline,0001,48,0.04736,0.58898
chn,baseline,0001,49,0.06665,0.62857
chn,baseline,0001,50,0.16724,0.42194
chn,baseline,0001,51,0.13037,0.42642
chn,baseline,0002,0,0.05054,0.66232
chn,baseline,0002,1,0.05054,0.47328
chn,baseline,0002,2,0.16333,0.30021
chn,baseline,0002,3,0.11060,0.40784
chn,baseline,0002,4,0.15918,0.30043
chn,baseline,0002,5,0.14819,0.36573
chn,baseline,0002,6,0.15698,0.38704
chn,baseline,0002,7,0.17285,0.03673
chn,baseline,0002,8,0.19141,0.17125
chn,baseline,0002,9,0.15625,0.41338
chn,baseline,0002,10,0.15137,0.32682
chn,baseline,0002,11,0.12573,0.43344
chn,baseline,0002,12,0.09570,0.54366
chn,baseline,0002,13,0.12671,0.51359
chn,baseline,0002,14,0.14233,0.44739
chn,baseline,0002,15,0.19116,0.09793
chn,baseline,0002,16,0.10059,0.25632
chn,baseline,0002,17,0.14771,0.28991
chn,baseline,0002,18,0.11157,0.44539
chn,baseline,0002,19,0.16113,0.22170
chn,baseline,0002,20,0.09839,0.52700
chn,baseline,0002,21,0.16553,0.01022
chn,baseline,0002,22,0.18726,0.28784
chn,baseline,0002,23,0.14673,0.38548
chn,baseline,0002,24,0.12549,0.42889
chn,baseline,0002,25,0.06616,0.60895
chn,baseline,0002,26,0.08472,0.59032
chn,baseline,0002,27,0.12793,0.37545
chn,baseline,0002,28,0.17969,0.18674
chn,baseline,0002,29,0.10938,0.47479
chn,baseline,0002,30,0.17578,0.25311
chn,baseline,0002,31,0.13232,0.36385
chn,baseline,0002,32,0.12598,0.52222
chn,baseline,0002,33,0.15991,0.34105
chn,baseline,0002,34,0.14087,0.51349
chn,baseline,0002,35,0.23657,0.15074
chn,baseline,0002,36,0.11523,0.12754
chn,baseline,0002,37,0.13330,0.15480
chn,baseline,0002,38,0.15039,0.13483
chn,baseline,0002,39,0.10181,0.54276
chn,baseline,0002,40,0.15381,0.12742
chn,baseline,0002,41,0.14575,0.08716
chn,baseline,0002,42,0.20459,0.31311
chn,baseline,0002,43,0.15527,0.34903
chn,baseline,0002,44,0.07202,0.59973
chn,baseline,0002,45,0.15942,0.38972
chn,baseline,0002,46,0.17749,0.28233
chn,baseline,0002,47,0.07910,0.54494
chn,baseline,0002,48,0.12036,0.11807
chn,baseline,0002,49,0.08057,0.54230
chn,baseline,0002,50,0.12036,0.53882
chn,baseline,0002,51,0.17993,0.40756
chn,baseline,0003,0,0.13477,0.02646
chn,baseline,0003,1,0.03003,0.47660
chn,baseline,0003,2,0.12598,0.30458
chn,baseline,0003,3,0.13550,0.22269
chn,baseline,0003,4,0.13525,0.18289
chn,baseline,0003,5,0.13013,0.32102
chn,baseline,0003,6,0.13574,0.03640
chn,baseline,0003,7,0.15186,0.28588
chn,baseline,0003,8,0.24561,0.03824
chn,baseline,0003,9,0.23975,0.03536
chn,baseline,0003,10,0.12622,0.25289
chn,baseline,0003,11,0.28442,0.09197
chn,baseline,0003,12,0.18848,0.03500
chn,baseline,0003,13,0.16382,0.22338
chn,baseline,0003,14,0.09766,0.35795
chn,baseline,0003,15,0.13281,0.05226
chn,baseline,0003,16,0.09277,0.22764
chn,baseline,0003,17,0.17236,0.02755
chn,baseline,0003,18,0.17773,0.09565
chn,baseline,0003,19,0.32227,0.20290
chn,baseline,0003,20,0.19727,0.08182
chn,baseline,0003,21,0.11914,0.21669
chn,baseline,0003,22,0.12744,0.02064
chn,baseline,0003,23,0.30444,0.14822
chn,baseline,0003,24,0.43555,0.12848
chn,baseline,0003,25,0.17480,0.13735
chn,baseline,0003,26,0.12793,0.22370
chn,baseline,0003,27,0.14526,0.02138
chn,baseline,0003,28,0.33691,0.16109
chn,baseline,0003,29,0.17017,0.02925
chn,baseline,0003,30,0.12964,0.13799
chn,baseline,0003,31,0.58936,0.02583
chn,baseline,0003,32,0.18750,0.16431
chn,baseline,0003,33,0.13672,0.03945
chn,baseline,0003,34,0.17847,0.12350
chn,baseline,0003,35,0.20679,0.20245
chn,baseline,0003,36,0.17456,0.08333
chn,baseline,0003,37,0.15430,0.07059
chn,baseline,0003,38,0.10205,0.04128
chn,baseline,0003,39,0.13379,0.21377
chn,baseline,0003,40,0.18262,0.06965
chn,baseline,0003,41,0.22827,0.17403
chn,baseline,0003,42,0.11133,0.20000
chn,baseline,0003,43,0.11450,0.30104
chn,baseline,0003,44,0.11035,0.24034
chn,baseline,0003,45,0.20142,0.23611
chn,baseline,0003,46,0.18481,0.18251
chn,baseline,0003,47,0.15820,0.11354
chn,baseline,0003,48,0.05420,0.44500
chn,baseline,0003,49,0.10498,0.19776
chn,baseline,0003,50,0.16455,0.14467
chn,baseline,0003,51,0.25342,0.07239
chn,baseline,0004,0,0.05103,0.58858
chn,baseline,0004,1,0.08862,0.14988
chn,baseline,0004,2,0.14233,0.40692
chn,baseline,0004,3,0.06714,0.54992
chn,baseline,0004,4,0.08667,0.50557
chn,baseline,0004,5,0.14771,0.31561
chn,baseline,0004,6,0.14380,0.42085
chn,baseline,0004,7,0.10156,0.54536
chn,baseline,0004,8,0.10278,0.43261
chn,baseline,0004,9,0.18579,0.24653
chn,baseline,0004,10,0.09717,0.44336
chn,baseline,0004,11,0.09985,0.47497
chn,baseline,0004,12,0.07959,0.58577
chn,baseline,0004,13,0.18726,0.33246
chn,baseline,0004,14,0.16748,0.30707
chn,baseline,0004,15,0.13452,0.23684
chn,baseline,0004,16,0.09253,0.35544
chn,baseline,0004,17,0.13940,0.32024
chn,baseline,0004,18,0.20044,0.13214
chn,baseline,0004,19,0.20386,0.29357
chn,baseline,0004,20,0.16577,0.25385
chn,baseline,0004,21,0.14429,0.33296
chn,baseline,0004,22,0.14697,0.40040
chn,baseline,0004,23,0.10986,0.48922
chn,baseline,0004,24,0.27686,0.32820
chn,baseline,0004,25,0.11206,0.46936
chn,baseline,0004,26,0.13550,0.41394
chn,baseline,0004,27,0.09863,0.54505
chn,baseline,0004,28,0.18506,0.00525
chn,baseline,0004,29,0.19531,0.01235
chn,baseline,0004,30,0.13086,0.42918
chn,baseline,0004,31,0.30762,0.17862
chn,baseline,0004,32,0.16235,0.35311
chn,baseline,0004,33,0.15649,0.29945
chn,baseline,0004,34,0.16211,0.30617
chn,baseline,0004,35,0.11597,0.55441
chn,baseline,0004,36,0.13818,0.33018
chn,baseline,0004,37,0.21973,0.04762
chn,baseline,0004,38,0.15454,0.27657
chn,baseline,0004,39,0.13696,0.42930
chn,baseline,0004,40,0.16797,0.16302
chn,baseline,0004,41,0.09180,0.58407
chn,baseline,0004,42,0.17676,0.28103
chn,baseline,0004,43,0.15503,0.31053
chn,baseline,0004,44,0.11719,0.36000
chn,baseline,0004,45,0.14551,0.40637
chn,baseline,0004,46,0.11279,0.45065
chn,baseline,0004,47,0.12769,0.00000
chn,baseline,0004,48,0.06494,0.53169
chn,baseline,0004,49,0.13525,0.39978
chn,baseline,0004,50,0.13745,0.47628
chn,baseline,0004,51,0.17310,0.31892
chn,baseline,0005,0,0.13574,0.13396
chn,baseline,0005,1,0.02271,0.56944
chn,baseline,0005,2,0.10571,0.51018
chn,baseline,0005,3,0.10425,0.28833
chn,baseline,0005,4,0.08057,0.54039
chn,baseline,0005,5,0.12744,0.28980
chn,baseline,0005,6,0.06763,0.63408
chn,baseline,0005,7,0.14575,0.15559
chn,baseline,0005,8,0.13062,0.30610
chn,baseline,0005,9,0.15479,0.28281
chn,baseline,0005,10,0.10449,0.40056
chn,baseline,0005,11,0.10376,0.36662
chn,baseline,0005,12,0.09937,0.25046
chn,baseline,0005,13,0.18286,0.35873
chn,baseline,0005,14,0.10254,0.51445
chn,baseline,0005,15,0.09570,0.44160
chn,baseline,0005,16,0.08179,0.25721
chn,baseline,0005,17,0.14185,0.07188
chn,baseline,0005,18,0.14990,0.30856
chn,baseline,0005,19,0.17944,0.21558
chn,baseline,0005,20,0.07129,0.54588
chn,baseline,0005,21,0.14526,0.28227
chn,baseline,0005,22,0.12158,0.34902
chn,baseline,0005,23,0.17578,0.37662
chn,baseline,0005,24,0.24438,0.44109
chn,baseline,0005,25,0.10229,0.35340
chn,baseline,0005,26,0.10059,0.40634
chn,baseline,0005,27,0.08765,0.57864
chn,baseline,0005,28,0.19800,0.38977
chn,baseline,0005,29,0.18872,0.38602
chn,baseline,0005,30,0.13721,0.29662
chn,baseline,0005,31,0.30420,0.30079
chn,baseline,0005,32,0.14941,0.32226
chn,baseline,0005,33,0.18433,0.10651
chn,baseline,0005,34,0.12476,0.41399
chn,baseline,0005,35,0.06030,0.63134
chn,baseline,0005,36,0.12646,0.32727
chn,baseline,0005,37,0.06543,0.12704
chn,baseline,0005,38,0.13892,0.14048
chn,baseline,0005,39,0.03174,0.73896
chn,baseline,0005,40,0.06738,0.46512
chn,baseline,0005,41,0.11792,0.36447
chn,baseline,0005,42,0.20117,0.23206
chn,baseline,0005,43,0.10034,0.41949
chn,baseline,0005,44,0.08936,0.37329
chn,baseline,0005,45,0.17065,0.42516
chn,baseline,0005,46,0.21313,0.15652
chn,baseline,0005,47,0.05640,0.56415
chn,baseline,0005,48,0.08813,0.32143
chn,baseline,0005,49,0.09814,0.40708
chn,baseline,0005,50,0.20728,0.18911
chn,baseline,0005,51,0.18848,0.18651
chn,e9,0000,0,0.06055,0.00000
chn,e9,0000,1,0.05054,0.10776
chn,e9,0000,2,0.09473,0.07838
chn,e9,0000,3,0.07886,0.18020
chn,e9,0000,4,0.04785,0.22530
chn,e9,0000,5,0.07739,0.05655
chn,e9,0000,6,0.07080,0.04605
chn,e9,0000,7,0.06152,0.12803
chn,e9,0000,8,0.03589,0.35526
chn,e9,0000,9,0.09399,0.00000
chn,e9,0000,10,0.08447,0.05978
chn,e9,0000,11,0.06201,0.14765
chn,e9,0000,12,0.07959,0.00000
chn,e9,0000,13,0.15405,0.01866
chn,e9,0000,14,0.09619,0.17400
chn,e9,0000,15,0.03223,0.00000
chn,e9,0000,16,0.08838,0.00000
chn,e9,0000,17,0.09058,0.04627
chn,e9,0000,18,0.09082,0.16592
chn,e9,0000,19,0.15332,0.10029
chn,e9,0000,20,0.10571,0.06882
chn,e9,0000,21,0.07910,0.00000
chn,e9,0000,22,0.08691,0.02732
chn,e9,0000,23,0.08105,0.12632
chn,e9,0000,24,0.16309,0.25942
chn,e9,0000,25,0.08789,0.00277
chn,e9,0000,26,0.06836,0.00000
chn,e9,0000,27,0.03687,0.00000
chn,e9,0000,28,0.16211,0.12401
chn,e9,0000,29,0.13501,0.14264
chn,e9,0000,30,0.07861,0.14815
chn,e9,0000,31,0.11865,0.12274
chn,e9,0000,32,0.12573,0.12266
chn,e9,0000,33,0.08496,0.01695
chn,e9,0000,34,0.07617,0.27945
chn,e9,0000,35,0.10229,0.18324
chn,e9,0000,36,0.05054,0.08811
chn,e9,0000,37,0.06396,0.09343
chn,e9,0000,38,0.07007,0.04967
chn,e9,0000,39,0.07007,0.08307
chn,e9,0000,40,0.09717,0.00000
chn,e9,0000,41,0.09229,0.26316
chn,e9,0000,42,0.08667,0.01934
chn,e9,0000,43,0.09839,0.09029
chn,e9,0000,44,0.04956,0.08145
chn,e9,0000,45,0.07520,0.14917
chn,e9,0000,46,0.04858,0.02451
chn,e9,0000,47,0.11108,0.06571
chn,e9,0000,48,0.05713,0.05645
chn,e9,0000,49,0.07764,0.03343
chn,e9,0000,50,0.10156,0.06935
chn,e9,0000,51,0.09326,0.04261
chn,e9,0001,0,0.08130,0.37523
chn,e9,0001,1,0.04004,0.56383
chn,e9,0001,2,0.17358,0.25079
chn,e9,0001,3,0.11279,0.35922
chn,e9,0001,4,0.10425,0.40196
chn,e9,0001,5,0.09082,0.54689
chn,e9,0001,6,0.16943,0.36505
chn,e9,0001,7,0.12158,0.28345
chn,e9,0001,8,0.16162,0.26526
chn,e9,0001,9,0.14453,0.41328
chn,e9,0001,10,0.09619,0.42059
chn,e9,0001,11,0.10718,0.46201
chn,e9,0001,12,0.14087,0.39833
chn,e9,0001,13,0.10840,0.60179
chn,e9,0001,14,0.12988,0.37412
chn,e9,0001,15,0.13892,0.19405
chn,e9,0001,16,0.09985,0.14076
chn,e9,0001,17,0.13354,0.37486
chn,e9,0001,18,0.16162,0.29198
chn,e9,0001,19,0.18164,0.29877
chn,e9,0001,20,0.18359,0.24800
chn,e9,0001,21,0.17358,0.21000
chn,e9,0001,22,0.18628,0.26493
chn,e9,0001,23,0.14844,0.38022
chn,e9,0001,24,0.14111,0.50215
chn,e9,0001,25,0.11011,0.41580
chn,e9,0001,26,0.13013,0.38806
chn,e9,0001,27,0.14038,0.28571
chn,e9,0001,28,0.19189,0.35309
chn,e9,0001,29,0.12939,0.39359
chn,e9,0001,30,0.17603,0.28966
chn,e9,0001,31,0.11353,0.45423
chn,e9,0001,32,0.13037,0.48604
chn,e9,0001,33,0.14258,0.35683
chn,e9,0001,34,0.12524,0.42746
chn,e9,0001,35,0.14648,0.38398
chn,e9,0001,36,0.13281,0.14600
chn,e9,0001,37,0.10547,0.23675
chn,e9,0001,38,0.15942,0.15524
chn,e9,0001,39,0.13184,0.40067
chn,e9,0001,40,0.15283,0.32178
chn,e9,0001,41,0.15210,0.32430
chn,e9,0001,42,0.20190,0.23213
chn,e9,0001,43,0.09155,0.54212
chn,e9,0001,44,0.10083,0.44415
chn,e9,0001,45,0.13794,0.38184
chn,e9,0001,46,0.20508,0.24866
chn,e9,0001,47,0.12036,0.32466
chn,e9,0001,48,0.06323,0.55877
chn,e9,0001,49,0.09619,0.49681
chn,e9,0001,50,0.17920,0.36833
chn,e9,0001,51,0.17578,0.30029
chn,e9,0002,0,0.05615,0.60276
chn,e9,0002,1,0.05762,0.43943
chn,e9,0002,2,0.15894,0.26854
chn,e9,0002,3,0.11572,0.37219
chn,e9,0002,4,0.16040,0.31060
chn,e9,0002,5,0.12402,0.44481
chn,e9,0002,6,0.17554,0.29371
chn,e9,0002,7,0.15601,0.23656
chn,e9,0002,8,0.16846,0.13965
chn,e9,0002,9,0.13062,0.48109
chn,e9,0002,10,0.13721,0.30703
chn,e9,0002,11,0.08765,0.52450
chn,e9,0002,12,0.08496,0.51192
chn,e9,0002,13,0.10229,0.57375
chn,e9,0002,14,0.16675,0.13980
chn,e9,0002,15,0.11597,0.32432
chn,e9,0002,16,0.10205,0.19461
chn,e9,0002,17,0.12207,0.41860
chn,e9,0002,18,0.12842,0.35697
chn,e9,0002,19,0.14673,0.30840
chn,e9,0002,20,0.10205,0.47553
chn,e9,0002,21,0.16260,0.02203
chn,e9,0002,22,0.18750,0.13805
chn,e9,0002,23,0.17212,0.26562
chn,e9,0002,24,0.16113,0.19512
chn,e9,0002,25,0.15063,0.06657
chn,e9,0002,26,0.10693,0.44133
chn,e9,0002,27,0.16455,0.17905
chn,e9,0002,28,0.15063,0.32715
chn,e9,0002,29,0.11890,0.40537
chn,e9,0002,30,0.17261,0.24546
chn,e9,0002,31,0.15063,0.11095
chn,e9,0002,32,0.12402,0.46072
chn,e9,0002,33,0.13062,0.36005
chn,e9,0002,34,0.15063,0.37551
chn,e9,0002,35,0.10938,0.51568
chn,e9,0002,36,0.16504,0.00295
chn,e9,0002,37,0.12329,0.27650
chn,e9,0002,38,0.15845,0.08848
chn,e9,0002,39,0.10645,0.47784
chn,e9,0002,40,0.15161,0.11538
chn,e9,0002,41,0.13379,0.30102
chn,e9,0002,42,0.17261,0.37489
chn,e9,0002,43,0.12891,0.43348
chn,e9,0002,44,0.10986,0.43182
chn,e9,0002,45,0.16675,0.21223
chn,e9,0002,46,0.19043,0.17460
chn,e9,0002,47,0.14185,0.05987
chn,e9,0002,48,0.08740,0.46647
chn,e9,0002,49,0.09351,0.47749
chn,e9,0002,50,0.12817,0.45932
chn,e9,0002,51,0.20801,0.16142
chn,e9,0003,0,0.09741,0.05226
chn,e9,0003,1,0.04053,0.25225
chn,e9,0003,2,0.12842,0.21021
chn,e9,0003,3,0.14624,0.09925
chn,e9,0003,4,0.14966,0.09720
chn,e9,0003,5,0.14160,0.22770
chn,e9,0003,6,0.16553,0.02865
chn,e9,0003,7,0.13770,0.10900
chn,e9,0003,8,0.20093,0.02140
chn,e9,0003,9,0.16846,0.04828
chn,e9,0003,10,0.12256,0.17570
chn,e9,0003,11,0.15039,0.03900
chn,e9,0003,12,0.16602,0.04090
chn,e9,0003,13,0.34106,0.11638
chn,e9,0003,14,0.14941,0.19580
chn,e9,0003,15,0.25635,0.02597
chn,e9,0003,16,0.11475,0.16961
chn,e9,0003,17,0.17017,0.03463
chn,e9,0003,18,0.13086,0.18665
chn,e9,0003,19,0.18701,0.22704
chn,e9,0003,20,0.17285,0.12050
chn,e9,0003,21,0.12793,0.06927
chn,e9,0003,22,0.17993,0.05875
chn,e9,0003,23,0.16919,0.15074
chn,e9,0003,24,0.21362,0.10805
chn,e9,0003,25,0.14575,0.07154
chn,e9,0003,26,0.11279,0.22091
chn,e9,0003,27,0.15527,0.01242
chn,e9,0003,28,0.34351,0.20102
chn,e9,0003,29,0.30347,0.22167
chn,e9,0003,30,0.14453,0.05128
chn,e9,0003,31,0.17480,0.26939
chn,e9,0003,32,0.26294,0.05110
chn,e9,0003,33,0.16309,0.03048
chn,e9,0003,34,0.23291,0.03927
chn,e9,0003,35,0.18262,0.16049
chn,e9,0003,36,0.14087,0.07085
chn,e9,0003,37,0.09839,0.11038
chn,e9,0003,38,0.09302,0.04988
chn,e9,0003,39,0.11768,0.23975
chn,e9,0003,40,0.10962,0.19099
chn,e9,0003,41,0.19824,0.10177
chn,e9,0003,42,0.12085,0.05714
chn,e9,0003,43,0.12256,0.27561
chn,e9,0003,44,0.09546,0.24371
chn,e9,0003,45,0.14429,0.32147
chn,e9,0003,46,0.20337,0.14913
chn,e9,0003,47,0.14136,0.05392
chn,e9,0003,48,0.11768,0.24214
chn,e9,0003,49,0.08911,0.37393
chn,e9,0003,50,0.16211,0.14101
chn,e9,0003,51,0.20776,0.04274
chn,e9,0004,0,0.07178,0.51565
chn,e9,0004,1,0.06348,0.44444
chn,e9,0004,2,0.15430,0.28345
chn,e9,0004,3,0.05688,0.65685
chn,e9,0004,4,0.09888,0.49752
chn,e9,0004,5,0.15259,0.34349
chn,e9,0004,6,0.11426,0.52098
chn,e9,0004,7,0.08105,0.44759
chn,e9,0004,8,0.06958,0.59052
chn,e9,0004,9,0.21460,0.24872
chn,e9,0004,10,0.10693,0.40246
chn,e9,0004,11,0.13477,0.35963
chn,e9,0004,12,0.09082,0.57192
chn,e9,0004,13,0.16602,0.51009
chn,e9,0004,14,0.14453,0.27628
chn,e9,0004,15,0.12036,0.32373
chn,e9,0004,16,0.08472,0.46533
chn,e9,0004,17,0.17334,0.36437
chn,e9,0004,18,0.17163,0.27675
chn,e9,0004,19,0.17041,0.40747
chn,e9,0004,20,0.20630,0.20732
chn,e9,0004,21,0.14526,0.44026
chn,e9,0004,22,0.11572,0.50053
chn,e9,0004,23,0.11621,0.49895
chn,e9,0004,24,0.20215,0.44317
chn,e9,0004,25,0.10864,0.36519
chn,e9,0004,26,0.09424,0.57998
chn,e9,0004,27,0.12329,0.45523
chn,e9,0004,28,0.22485,0.35729
chn,e9,0004,29,0.12061,0.52908
chn,e9,0004,30,0.14697,0.37095
chn,e9,0004,31,0.19604,0.03717
chn,e9,0004,32,0.13037,0.50326
chn,e9,0004,33,0.17896,0.27925
chn,e9,0004,34,0.16650,0.36381
chn,e9,0004,35,0.12012,0.54233
chn,e9,0004,36,0.17261,0.36134
chn,e9,0004,37,0.15356,0.07906
chn,e9,0004,38,0.19360,0.24834
chn,e9,0004,39,0.12915,0.43179
chn,e9,0004,40,0.14990,0.18024
chn,e9,0004,41,0.10327,0.51155
chn,e9,0004,42,0.13574,0.42798
chn,e9,0004,43,0.12256,0.48407
chn,e9,0004,44,0.11499,0.40000
chn,e9,0004,45,0.12622,0.52656
chn,e9,0004,46,0.22095,0.25145
chn,e9,0004,47,0.07593,0.55380
chn,e9,0004,48,0.07202,0.55235
chn,e9,0004,49,0.13550,0.16416
chn,e9,0004,50,0.13062,0.47239
chn,e9,0004,51,0.13379,0.44590
chn,e9,0005,0,0.10034,0.35681
chn,e9,0005,1,0.03540,0.44015
chn,e9,0005,2,0.14185,0.35011
chn,e9,0005,3,0.06860,0.51884
chn,e9,0005,4,0.13281,0.35773
chn,e9,0005,5,0.11597,0.40920
chn,e9,0005,6,0.13550,0.42960
chn,e9,0005,7,0.13452,0.06610
chn,e9,0005,8,0.07812,0.55740
chn,e9,0005,9,0.15942,0.32819
chn,e9,0005,10,0.14746,0.24876
chn,e9,0005,11,0.09692,0.41703
chn,e9,0005,12,0.14185,0.19640
chn,e9,0005,13,0.15283,0.56132
chn,e9,0005,14,0.11450,0.53564
chn,e9,0005,15,0.11816,0.34683
chn,e9,0005,16,0.10425,0.34308
chn,e9,0005,17,0.13403,0.16565
chn,e9,0005,18,0.10913,0.38767
chn,e9,0005,19,0.16479,0.38073
chn,e9,0005,20,0.08496,0.49928
chn,e9,0005,21,0.27588,0.29065
chn,e9,0005,22,0.16187,0.22274
chn,e9,0005,23,0.18701,0.28810
chn,e9,0005,24,0.12622,0.48248
chn,e9,0005,25,0.06445,0.54949
chn,e9,0005,26,0.07983,0.46217
chn,e9,0005,27,0.15649,0.33437
chn,e9,0005,28,0.23047,0.27939
chn,e9,0005,29,0.19678,0.37519
chn,e9,0005,30,0.11792,0.36111
chn,e9,0005,31,0.28687,0.40204
chn,e9,0005,32,0.15161,0.35447
chn,e9,0005,33,0.18164,0.31111
chn,e9,0005,34,0.22290,0.31456
chn,e9,0005,35,0.07886,0.57723
chn,e9,0005,36,0.12988,0.33082
chn,e9,0005,37,0.04932,0.39157
chn,e9,0005,38,0.11450,0.35131
chn,e9,0005,39,0.09741,0.46154
chn,e9,0005,40,0.04492,0.57209
chn,e9,0005,41,0.11060,0.49329
chn,e9,0005,42,0.15674,0.34954
chn,e9,0005,43,0.11572,0.39464
chn,e9,0005,44,0.10034,0.39559
chn,e9,0005,45,0.13696,0.50089
chn,e9,0005,46,0.18994,0.28624
chn,e9,0005,47,0.06128,0.55888
chn,e9,0005,48,0.10547,0.32182
chn,e9,0005,49,0.07593,0.54062
chn,e9,0005,50,0.15454,0.36573
chn,e9,0005,51,0.16772,0.33301
eng,baseline,0000,0,0.03247,0.86909
eng,baseline,0000,1,0.02979,0.89608
eng,baseline,0000,2,0.02344,0.89644
eng,baseline,0000,3,0.03638,0.87351
eng,baseline,0000,4,0.01172,0.94995
eng,baseline,0000,5,0.00098,0.99490
eng,baseline,0000,6,0.02002,0.92054
eng,baseline,0000,7,0.01709,0.93728
eng,baseline,0000,8,0.01074,0.91667
eng,baseline,0000,9,0.07544,0.60637
eng,baseline,0000,10,0.02368,0.91166
eng,baseline,0000,11,0.02368,0.86299
eng,baseline,0000,12,0.05469,0.86555
eng,baseline,0000,13,0.05005,0.83717
eng,baseline,0000,14,0.03149,0.88326
eng,baseline,0000,15,0.00903,0.95956
eng,baseline,0000,16,0.04419,0.84917
eng,baseline,0000,17,0.02588,0.90870
eng,baseline,0000,18,0.02100,0.91161
eng,baseline,0000,19,0.00195,0.98851
eng,baseline,0000,20,0.11182,0.57474
eng,baseline,0000,21,0.02319,0.90155
eng,baseline,0000,22,0.06836,0.82456
eng,baseline,0000,23,0.01392,0.94148
eng,baseline,0000,24,0.01270,0.93492
eng,baseline,0000,25,0.02246,0.89486
eng,baseline,0000,26,0.03027,0.84672
eng,baseline,0000,27,0.01709,0.92716
eng,baseline,0000,28,0.02100,0.87390
eng,baseline,0000,29,0.03149,0.86660
eng,baseline,0000,30,0.01953,0.89488
eng,baseline,0000,31,0.00537,0.96346
eng,baseline,0000,32,0.02173,0.89505
eng,baseline,0000,33,0.01025,0.95484
eng,baseline,0000,34,0.01270,0.88720
eng,baseline,0000,35,0.00391,0.96794
eng,baseline,0000,36,0.02417,0.89227
eng,baseline,0000,37,0.01074,0.90909
eng,baseline,0000,38,0.01294,0.95591
eng,baseline,0000,39,0.00830,0.95734
eng,baseline,0000,40,0.01099,0.93911
eng,baseline,0000,41,0.01221,0.94118
eng,baseline,0000,42,0.02344,0.89103
eng,baseline,0000,43,0.00342,0.97002
eng,baseline,0000,44,0.03394,0.79884
eng,baseline,0000,45,0.01050,0.92650
eng,baseline,0000,46,0.01465,0.92308
eng,baseline,0000,47,0.01611,0.90015
eng,baseline,0000,48,0.04419,0.83560
eng,baseline,0000,49,0.01758,0.89024
eng,baseline,0000,50,0.03320,0.79822
eng,baseline,0000,51,0.01343,0.91538
eng,baseline,0001,0,0.06421,0.86609
eng,baseline,0001,1,0.17627,0.73299
eng,baseline,0001,2,0.15308,0.68269
eng,baseline,0001,3,0.16138,0.73496
eng,baseline,0001,4,0.13647,0.71021
eng,baseline,0001,5,0.09790,0.74812
eng,baseline,0001,6,0.19556,0.66074
eng,baseline,0001,7,0.11816,0.78957
eng,baseline,0001,8,0.05957,0.79984
eng,baseline,0001,9,0.17505,0.55604
eng,baseline,0001,10,0.07446,0.85273
eng,baseline,0001,11,0.06763,0.79421
eng,baseline,0001,12,0.17578,0.75155
eng,baseline,0001,13,0.15088,0.74207
eng,baseline,0001,14,0.34229,0.52329
eng,baseline,0001,15,0.11670,0.76016
eng,baseline,0001,16,0.32324,0.56057
eng,baseline,0001,17,0.09814,0.82445
eng,baseline,0001,18,0.14600,0.71346
eng,baseline,0001,19,0.04761,0.85910
eng,baseline,0001,20,0.06836,0.86848
eng,baseline,0001,21,0.06616,0.83850
eng,baseline,0001,22,0.28418,0.67540
eng,baseline,0001,23,0.08838,0.80283
eng,baseline,0001,24,0.05225,0.85332
eng,baseline,0001,25,0.13477,0.69570
eng,baseline,0001,26,0.04736,0.85911
eng,baseline,0001,27,0.08691,0.79564
eng,baseline,0001,28,0.08179,0.76089
eng,baseline,0001,29,0.06201,0.85335
eng,baseline,0001,30,0.08301,0.78440
eng,baseline,0001,31,0.07251,0.76335
eng,baseline,0001,32,0.16821,0.61227
eng,baseline,0001,33,0.04028,0.89827
eng,baseline,0001,34,0.01709,0.91505
eng,baseline,0001,35,0.01392,0.93456
eng,baseline,0001,36,0.05811,0.86195
eng,baseline,0001,37,0.02954,0.87590
eng,baseline,0001,38,0.08008,0.85582
eng,baseline,0001,39,0.05469,0.85613
eng,baseline,0001,40,0.05322,0.85349
eng,baseline,0001,41,0.10400,0.76081
eng,baseline,0001,42,0.05444,0.85913
eng,baseline,0001,43,0.06714,0.73327
eng,baseline,0001,44,0.08936,0.74513
eng,baseline,0001,45,0.05298,0.81516
eng,baseline,0001,46,0.05469,0.84699
eng,baseline,0001,47,0.04248,0.86470
eng,baseline,0001,48,0.12500,0.76600
eng,baseline,0001,49,0.06128,0.81227
eng,baseline,0001,50,0.05957,0.81360
eng,baseline,0001,51,0.07104,0.76513
eng,baseline,0002,0,0.07056,0.64010
eng,baseline,0002,1,0.03003,0.84926
eng,baseline,0002,2,0.04663,0.69969
eng,baseline,0002,3,0.04565,0.76683
eng,baseline,0002,4,0.01221,0.91438
eng,baseline,0002,5,0.02075,0.81720
eng,baseline,0002,6,0.04468,0.75403
eng,baseline,0002,7,0.02100,0.85324
eng,baseline,0002,8,0.00830,0.87454
eng,baseline,0002,9,0.02441,0.74747
eng,baseline,0002,10,0.02588,0.83359
eng,baseline,0002,11,0.03760,0.66154
eng,baseline,0002,12,0.18457,0.45768
eng,baseline,0002,13,0.06787,0.65848
eng,baseline,0002,14,0.08960,0.51963
eng,baseline,0002,15,0.03442,0.77331
eng,baseline,0002,16,0.08569,0.60738
eng,baseline,0002,17,0.03491,0.80518
eng,baseline,0002,18,0.07983,0.58660
eng,baseline,0002,19,0.03052,0.71396
eng,baseline,0002,20,0.02490,0.83388
eng,baseline,0002,21,0.05396,0.61897
eng,baseline,0002,22,0.11084,0.57331
eng,baseline,0002,23,0.03809,0.74510
eng,baseline,0002,24,0.04785,0.61644
eng,baseline,0002,25,0.02515,0.83931
eng,baseline,0002,26,0.02686,0.76987
eng,baseline,0002,27,0.02417,0.82384
eng,baseline,0002,28,0.01465,0.83827
eng,baseline,0002,29,0.02051,0.83065
eng,baseline,0002,30,0.02002,0.81818
eng,baseline,0002,31,0.01733,0.80000
eng,baseline,0002,32,0.02100,0.82520
eng,baseline,0002,33,0.01733,0.84498
eng,baseline,0002,34,0.00415,0.91237
eng,baseline,0002,35,0.01440,0.74236
eng,baseline,0002,36,0.02051,0.82390
eng,baseline,0002,37,0.00757,0.87984
eng,baseline,0002,38,0.02832,0.81875
eng,baseline,0002,39,0.01514,0.83770
eng,baseline,0002,40,0.01807,0.83592
eng,baseline,0002,41,0.01782,0.85193
eng,baseline,0002,42,0.03687,0.72890
eng,baseline,0002,43,0.04346,0.41639
eng,baseline,0002,44,0.04834,0.57602
eng,baseline,0002,45,0.04126,0.57644
eng,baseline,0002,46,0.01196,0.87306
eng,baseline,0002,47,0.01733,0.78154
eng,baseline,0002,48,0.06226,0.65164
eng,baseline,0002,49,0.02124,0.77635
eng,baseline,0002,50,0.02881,0.69975
eng,baseline,0002,51,0.00708,0.91944
eng,baseline,0003,0,0.10449,0.43386
eng,baseline,0003,1,0.04980,0.76140
eng,baseline,0003,2,0.02832,0.79685
eng,baseline,0003,3,0.04565,0.77055
eng,baseline,0003,4,0.03003,0.80225
eng,baseline,0003,5,0.02417,0.79245
eng,baseline,0003,6,0.04395,0.74212
eng,baseline,0003,7,0.08228,0.61130
eng,baseline,0003,8,0.01001,0.87227
eng,baseline,0003,9,0.01343,0.82866
eng,baseline,0003,10,0.02417,0.84507
eng,baseline,0003,11,0.01831,0.82353
eng,baseline,0003,12,0.10986,0.63826
eng,baseline,0003,13,0.06104,0.68234
eng,baseline,0003,14,0.06616,0.68707
eng,baseline,0003,15,0.02808,0.81629
eng,baseline,0003,16,0.06665,0.67344
eng,baseline,0003,17,0.04321,0.76431
eng,baseline,0003,18,0.03760,0.72302
eng,baseline,0003,19,0.01270,0.88496
eng,baseline,0003,20,0.04907,0.71967
eng,baseline,0003,21,0.04712,0.69510
eng,baseline,0003,22,0.06982,0.73196
eng,baseline,0003,23,0.04810,0.70728
eng,baseline,0003,24,0.05420,0.60215
eng,baseline,0003,25,0.03345,0.79116
eng,baseline,0003,26,0.02734,0.78082
eng,baseline,0003,27,0.04321,0.70000
eng,baseline,0003,28,0.01953,0.77273
eng,baseline,0003,29,0.03540,0.76384
eng,baseline,0003,30,0.04102,0.61468
eng,baseline,0003,31,0.04346,0.60268
eng,baseline,0003,32,0.08643,0.43810
eng,baseline,0003,33,0.03467,0.76683
eng,baseline,0003,34,0.02734,0.65325
eng,baseline,0003,35,0.02295,0.68562
eng,baseline,0003,36,0.06323,0.62787
eng,baseline,0003,37,0.01562,0.78808
eng,baseline,0003,38,0.05762,0.69029
eng,baseline,0003,39,0.02173,0.79587
eng,baseline,0003,40,0.01904,0.82313
eng,baseline,0003,41,0.07056,0.53686
eng,baseline,0003,42,0.03271,0.73930
eng,baseline,0003,43,0.01758,0.76080
eng,baseline,0003,44,0.02417,0.73458
eng,baseline,0003,45,0.03003,0.66022
eng,baseline,0003,46,0.01782,0.83814
eng,baseline,0003,47,0.07764,0.40672
eng,baseline,0003,48,0.14673,0.30760
eng,baseline,0003,49,0.03735,0.63915
eng,baseline,0003,50,0.09912,0.35962
eng,baseline,0003,51,0.02563,0.74699
eng,baseline,0004,0,0.04785,0.71134
eng,baseline,0004,1,0.02881,0.85680
eng,baseline,0004,2,0.02051,0.85263
eng,baseline,0004,3,0.04932,0.76888
eng,baseline,0004,4,0.03296,0.79638
eng,baseline,0004,5,0.06982,0.55031
eng,baseline,0004,6,0.04150,0.78065
eng,baseline,0004,7,0.08569,0.61972
eng,baseline,0004,8,0.01245,0.85429
eng,baseline,0004,9,0.04053,0.61927
eng,baseline,0004,10,0.04639,0.73427
eng,baseline,0004,11,0.01318,0.88235
eng,baseline,0004,12,0.10864,0.62511
eng,baseline,0004,13,0.05469,0.74134
eng,baseline,0004,14,0.09570,0.60917
eng,baseline,0004,15,0.02832,0.80570
eng,baseline,0004,16,0.09619,0.60362
eng,baseline,0004,17,0.05396,0.70767
eng,baseline,0004,18,0.02710,0.81833
eng,baseline,0004,19,0.02759,0.77579
eng,baseline,0004,20,0.02588,0.85007
eng,baseline,0004,21,0.07373,0.58287
eng,baseline,0004,22,0.09619,0.64947
eng,baseline,0004,23,0.07397,0.58663
eng,baseline,0004,24,0.05273,0.62759
eng,baseline,0004,25,0.02905,0.83000
eng,baseline,0004,26,0.02832,0.79137
eng,baseline,0004,27,0.04248,0.72727
eng,baseline,0004,28,0.01685,0.81301
eng,baseline,0004,29,0.05298,0.69000
eng,baseline,0004,30,0.04712,0.62956
eng,baseline,0004,31,0.03979,0.65539
eng,baseline,0004,32,0.05591,0.61577
eng,baseline,0004,33,0.02197,0.84615
eng,baseline,0004,34,0.01904,0.72727
eng,baseline,0004,35,0.01099,0.84899
eng,baseline,0004,36,0.08081,0.53835
eng,baseline,0004,37,0.01221,0.84026
eng,baseline,0004,38,0.05786,0.70632
eng,baseline,0004,39,0.02319,0.80573
eng,baseline,0004,40,0.04395,0.66480
eng,baseline,0004,41,0.03760,0.72451
eng,baseline,0004,42,0.03662,0.73822
eng,baseline,0004,43,0.01123,0.84192
eng,baseline,0004,44,0.01855,0.81598
eng,baseline,0004,45,0.03467,0.64051
eng,baseline,0004,46,0.01636,0.86653
eng,baseline,0004,47,0.09790,0.35323
eng,baseline,0004,48,0.16553,0.31446
eng,baseline,0004,49,0.04175,0.68508
eng,baseline,0004,50,0.09863,0.37364
eng,baseline,0004,51,0.02979,0.72949
eng,baseline,0005,0,0.05493,0.82199
eng,baseline,0005,1,0.08032,0.77800
eng,baseline,0005,2,0.02954,0.87628
eng,baseline,0005,3,0.12866,0.67469
eng,baseline,0005,4,0.05615,0.80121
eng,baseline,0005,5,0.02441,0.88877
eng,baseline,0005,6,0.04736,0.85325
eng,baseline,0005,7,0.10400,0.72463
eng,baseline,0005,8,0.00220,0.98647
eng,baseline,0005,9,0.06543,0.68837
eng,baseline,0005,10,0.07861,0.77639
eng,baseline,0005,11,0.04419,0.79361
eng,baseline,0005,12,0.16162,0.69549
eng,baseline,0005,13,0.11377,0.72146
eng,baseline,0005,14,0.07129,0.80363
eng,baseline,0005,15,0.06201,0.77482
eng,baseline,0005,16,0.12866,0.67186
eng,baseline,0005,17,0.16968,0.57492
eng,baseline,0005,18,0.04346,0.82200
eng,baseline,0005,19,0.00952,0.95232
eng,baseline,0005,20,0.06055,0.82273
eng,baseline,0005,21,0.05176,0.81021
eng,baseline,0005,22,0.13281,0.71828
eng,baseline,0005,23,0.04541,0.84841
eng,baseline,0005,24,0.07227,0.70693
eng,baseline,0005,25,0.02930,0.88690
eng,baseline,0005,26,0.17700,0.46964
eng,baseline,0005,27,0.11035,0.68057
eng,baseline,0005,28,0.19873,0.31366
eng,baseline,0005,29,0.18848,0.52638
eng,baseline,0005,30,0.17236,0.42084
eng,baseline,0005,31,0.14600,0.43638
eng,baseline,0005,32,0.23877,0.36944
eng,baseline,0005,33,0.13672,0.62315
eng,baseline,0005,34,0.02490,0.84753
eng,baseline,0005,35,0.11890,0.46128
eng,baseline,0005,36,0.19165,0.50473
eng,baseline,0005,37,0.16724,0.32312
eng,baseline,0005,38,0.24316,0.49798
eng,baseline,0005,39,0.22192,0.44876
eng,baseline,0005,40,0.27808,0.31468
eng,baseline,0005,41,0.22412,0.35804
eng,baseline,0005,42,0.29395,0.29549
eng,baseline,0005,43,0.26880,0.22081
eng,baseline,0005,44,0.15112,0.41104
eng,baseline,0005,45,0.11035,0.51241
eng,baseline,0005,46,0.19946,0.47762
eng,baseline,0005,47,0.12915,0.51734
eng,baseline,0005,48,0.21484,0.53216
eng,baseline,0005,49,0.15503,0.51229
eng,baseline,0005,50,0.20337,0.30351
eng,baseline,0005,51,0.16309,0.43913
eng,e9,0000,0,0.01318,0.94600
eng,e9,0000,1,0.02539,0.91156
eng,e9,0000,2,0.03564,0.84823
eng,e9,0000,3,0.02344,0.91467
eng,e9,0000,4,0.01685,0.93023
eng,e9,0000,5,0.00562,0.97096
eng,e9,0000,6,0.05469,0.80690
eng,e9,0000,7,0.02100,0.92294
eng,e9,0000,8,0.00000,1.00000
eng,e9,0000,9,0.04370,0.76385
eng,e9,0000,10,0.01147,0.95723
eng,e9,0000,11,0.01855,0.89143
eng,e9,0000,12,0.02954,0.92409
eng,e9,0000,13,0.02515,0.91395
eng,e9,0000,14,0.03369,0.87612
eng,e9,0000,15,0.00708,0.96817
eng,e9,0000,16,0.03613,0.87241
eng,e9,0000,17,0.01709,0.94017
eng,e9,0000,18,0.04346,0.81984
eng,e9,0000,19,0.00732,0.95868
eng,e9,0000,20,0.02344,0.91045
eng,e9,0000,21,0.02710,0.88279
eng,e9,0000,22,0.07422,0.81764
eng,e9,0000,23,0.01562,0.93496
eng,e9,0000,24,0.00903,0.95244
eng,e9,0000,25,0.03345,0.85441
eng,e9,0000,26,0.01343,0.92744
eng,e9,0000,27,0.01245,0.94699
eng,e9,0000,28,0.01929,0.88600
eng,e9,0000,29,0.01904,0.91649
eng,e9,0000,30,0.01611,0.91293
eng,e9,0000,31,0.00732,0.95106
eng,e9,0000,32,0.03076,0.85600
eng,e9,0000,33,0.01978,0.91243
eng,e9,0000,34,0.00049,0.99557
eng,e9,0000,35,0.00122,0.98975
eng,e9,0000,36,0.01392,0.93631
eng,e9,0000,37,0.01074,0.90909
eng,e9,0000,38,0.02563,0.91484
eng,e9,0000,39,0.00366,0.98116
eng,e9,0000,40,0.04077,0.77968
eng,e9,0000,41,0.01709,0.91945
eng,e9,0000,42,0.00879,0.95740
eng,e9,0000,43,0.01465,0.87395
eng,e9,0000,44,0.02222,0.86696
eng,e9,0000,45,0.01978,0.87040
eng,e9,0000,46,0.00659,0.96507
eng,e9,0000,47,0.01025,0.93258
eng,e9,0000,48,0.03369,0.87534
eng,e9,0000,49,0.01416,0.91199
eng,e9,0000,50,0.01147,0.92879
eng,e9,0000,51,0.01440,0.90895
eng,e9,0001,0,0.03345,0.92732
eng,e9,0001,1,0.14282,0.76161
eng,e9,0001,2,0.13232,0.73235
eng,e9,0001,3,0.16040,0.71222
eng,e9,0001,4,0.15918,0.64984
eng,e9,0001,5,0.07007,0.80816
eng,e9,0001,6,0.20581,0.63944
eng,e9,0001,7,0.15771,0.72627
eng,e9,0001,8,0.01489,0.94112
eng,e9,0001,9,0.04736,0.85911
eng,e9,0001,10,0.11694,0.78559
eng,e9,0001,11,0.08984,0.72496
eng,e9,0001,12,0.13452,0.81982
eng,e9,0001,13,0.09424,0.83616
eng,e9,0001,14,0.25537,0.58492
eng,e9,0001,15,0.15039,0.70484
eng,e9,0001,16,0.32104,0.55073
eng,e9,0001,17,0.20557,0.68106
eng,e9,0001,18,0.14917,0.70108
eng,e9,0001,19,0.03931,0.87402
eng,e9,0001,20,0.07520,0.84880
eng,e9,0001,21,0.07178,0.83566
eng,e9,0001,22,0.10303,0.85260
eng,e9,0001,23,0.09131,0.80326
eng,e9,0001,24,0.06372,0.80837
eng,e9,0001,25,0.15479,0.69563
eng,e9,0001,26,0.14209,0.66084
eng,e9,0001,27,0.10645,0.75737
eng,e9,0001,28,0.06396,0.79658
eng,e9,0001,29,0.06836,0.83673
eng,e9,0001,30,0.10205,0.75193
eng,e9,0001,31,0.12524,0.59828
eng,e9,0001,32,0.13672,0.68200
eng,e9,0001,33,0.07227,0.82730
eng,e9,0001,34,0.03979,0.79901
eng,e9,0001,35,0.06445,0.72211
eng,e9,0001,36,0.07397,0.82250
eng,e9,0001,37,0.01514,0.92740
eng,e9,0001,38,0.08765,0.83562
eng,e9,0001,39,0.06274,0.82659
eng,e9,0001,40,0.06274,0.82912
eng,e9,0001,41,0.09033,0.78094
eng,e9,0001,42,0.08472,0.79222
eng,e9,0001,43,0.06934,0.69264
eng,e9,0001,44,0.04297,0.86934
eng,e9,0001,45,0.11646,0.63781
eng,e9,0001,46,0.03223,0.91105
eng,e9,0001,47,0.06250,0.79405
eng,e9,0001,48,0.13574,0.75571
eng,e9,0001,49,0.08618,0.73479
eng,e9,0001,50,0.09473,0.73037
eng,e9,0001,51,0.07178,0.76480
eng,e9,0002,0,0.05054,0.71130
eng,e9,0002,1,0.04736,0.77014
eng,e9,0002,2,0.04126,0.73552
eng,e9,0002,3,0.05835,0.71100
eng,e9,0002,4,0.01318,0.90769
eng,e9,0002,5,0.03003,0.73941
eng,e9,0002,6,0.05005,0.72776
eng,e9,0002,7,0.02197,0.85531
eng,e9,0002,8,0.01123,0.82576
eng,e9,0002,9,0.02295,0.76142
eng,e9,0002,10,0.02344,0.83729
eng,e9,0002,11,0.03174,0.67742
eng,e9,0002,12,0.11133,0.56530
eng,e9,0002,13,0.06055,0.68922
eng,e9,0002,14,0.10449,0.47741
eng,e9,0002,15,0.03076,0.79139
eng,e9,0002,16,0.09229,0.57288
eng,e9,0002,17,0.04175,0.77470
eng,e9,0002,18,0.05664,0.67278
eng,e9,0002,19,0.01953,0.81087
eng,e9,0002,20,0.02783,0.81553
eng,e9,0002,21,0.03076,0.77049
eng,e9,0002,22,0.12183,0.52019
eng,e9,0002,23,0.01855,0.87119
eng,e9,0002,24,0.02661,0.76907
eng,e9,0002,25,0.02783,0.81403
eng,e9,0002,26,0.03247,0.73185
eng,e9,0002,27,0.02344,0.82255
eng,e9,0002,28,0.01611,0.82400
eng,e9,0002,29,0.02368,0.81524
eng,e9,0002,30,0.02417,0.77902
eng,e9,0002,31,0.01489,0.82059
eng,e9,0002,32,0.01538,0.86334
eng,e9,0002,33,0.01538,0.85843
eng,e9,0002,34,0.01221,0.74619
eng,e9,0002,35,0.02173,0.61966
eng,e9,0002,36,0.05811,0.60596
eng,e9,0002,37,0.02222,0.62857
eng,e9,0002,38,0.03198,0.79006
eng,e9,0002,39,0.01636,0.82821
eng,e9,0002,40,0.03247,0.71822
eng,e9,0002,41,0.02197,0.81366
eng,e9,0002,42,0.01855,0.84265
eng,e9,0002,43,0.03540,0.51667
eng,e9,0002,44,0.01904,0.81205
eng,e9,0002,45,0.05493,0.44307
eng,e9,0002,46,0.02905,0.71186
eng,e9,0002,47,0.01538,0.80734
eng,e9,0002,48,0.05176,0.69452
eng,e9,0002,49,0.01611,0.81967
eng,e9,0002,50,0.01270,0.85227
eng,e9,0002,51,0.00830,0.90313
eng,e9,0003,0,0.03125,0.80124
eng,e9,0003,1,0.02295,0.87712
eng,e9,0003,2,0.03394,0.74955
eng,e9,0003,3,0.05737,0.72989
eng,e9,0003,4,0.03247,0.78232
eng,e9,0003,5,0.04736,0.64534
eng,e9,0003,6,0.04761,0.73361
eng,e9,0003,7,0.04102,0.79310
eng,e9,0003,8,0.00806,0.89216
eng,e9,0003,9,0.03955,0.52907
eng,e9,0003,10,0.05396,0.69220
eng,e9,0003,11,0.01343,0.86250
eng,e9,0003,12,0.14941,0.51118
eng,e9,0003,13,0.05762,0.71938
eng,e9,0003,14,0.07080,0.64677
eng,e9,0003,15,0.04004,0.74335
eng,e9,0003,16,0.09399,0.58061
eng,e9,0003,17,0.03345,0.81486
eng,e9,0003,18,0.02881,0.79262
eng,e9,0003,19,0.00684,0.93679
eng,e9,0003,20,0.04517,0.73496
eng,e9,0003,21,0.05420,0.65421
eng,e9,0003,22,0.08496,0.65130
eng,e9,0003,23,0.05469,0.67059
eng,e9,0003,24,0.04346,0.66288
eng,e9,0003,25,0.03296,0.78605
eng,e9,0003,26,0.02026,0.82672
eng,e9,0003,27,0.03247,0.77496
eng,e9,0003,28,0.01733,0.80000
eng,e9,0003,29,0.05127,0.67692
eng,e9,0003,30,0.04150,0.66601
eng,e9,0003,31,0.02783,0.72662
eng,e9,0003,32,0.03857,0.71062
eng,e9,0003,33,0.02271,0.83152
eng,e9,0003,34,0.01733,0.75000
eng,e9,0003,35,0.01685,0.74725
eng,e9,0003,36,0.05200,0.66244
eng,e9,0003,37,0.01001,0.85252
eng,e9,0003,38,0.04858,0.73072
eng,e9,0003,39,0.02051,0.82427
eng,e9,0003,40,0.03223,0.72500
eng,e9,0003,41,0.04321,0.68223
eng,e9,0003,42,0.03784,0.71560
eng,e9,0003,43,0.01465,0.79021
eng,e9,0003,44,0.01831,0.79167
eng,e9,0003,45,0.03662,0.59786
eng,e9,0003,46,0.03076,0.74545
eng,e9,0003,47,0.07788,0.40485
eng,e9,0003,48,0.14355,0.41609
eng,e9,0003,49,0.03125,0.70843
eng,e9,0003,50,0.04443,0.65981
eng,e9,0003,51,0.02026,0.80378
eng,e9,0005,0,0.06177,0.79952
eng,e9,0005,1,0.07812,0.79085
eng,e9,0005,2,0.03687,0.85268
eng,e9,0005,3,0.11987,0.70079
eng,e9,0005,4,0.04468,0.83933
eng,e9,0005,5,0.05029,0.79784
eng,e9,0005,6,0.03589,0.88631
eng,e9,0005,7,0.11890,0.70610
eng,e9,0005,8,0.01392,0.91416
eng,e9,0005,9,0.09619,0.56027
eng,e9,0005,10,0.08569,0.77296
eng,e9,0005,11,0.03418,0.84000
eng,e9,0005,12,0.19434,0.63469
eng,e9,0005,13,0.12842,0.69186
eng,e9,0005,14,0.06860,0.80674
eng,e9,0005,15,0.10059,0.66721
eng,e9,0005,16,0.11938,0.69627
eng,e9,0005,17,0.09473,0.74657
eng,e9,0005,18,0.09473,0.67613
eng,e9,0005,19,0.01318,0.93632
eng,e9,0005,20,0.04858,0.85846
eng,e9,0005,21,0.03931,0.85651
eng,e9,0005,22,0.16992,0.66587
eng,e9,0005,23,0.04395,0.85759
eng,e9,0005,24,0.06201,0.74951
eng,e9,0005,25,0.04663,0.83172
eng,e9,0005,26,0.16577,0.49479
eng,e9,0005,27,0.10254,0.69432
eng,e9,0005,28,0.20532,0.28303
eng,e9,0005,29,0.17871,0.53494
eng,e9,0005,30,0.17651,0.42710
eng,e9,0005,31,0.13818,0.47786
eng,e9,0005,32,0.24658,0.34202
eng,e9,0005,33,0.14380,0.61019
eng,e9,0005,34,0.03638,0.77628
eng,e9,0005,35,0.12720,0.41853
eng,e9,0005,36,0.21826,0.44541
eng,e9,0005,37,0.16748,0.35708
eng,e9,0005,38,0.23340,0.51960
eng,e9,0005,39,0.23120,0.43496
eng,e9,0005,40,0.29175,0.26687
eng,e9,0005,41,0.22314,0.35588
eng,e9,0005,42,0.29395,0.28968
eng,e9,0005,43,0.27393,0.22029
eng,e9,0005,44,0.15771,0.42578
eng,e9,0005,45,0.10547,0.53297
eng,e9,0005,46,0.19702,0.47358
eng,e9,0005,47,0.12842,0.51832
eng,e9,0005,48,0.18457,0.58070
eng,e9,0005,49,0.17310,0.47247
eng,e9,0005,50,0.20264,0.28999
eng,e9,0005,51,0.16113,0.43590
